{
    "user_60c5a1b4e5678": {
        "creditos": 4
    },
    "user_67e6af3f3bf005.03523770": {
        "creditos": 4
    },
    "user_67e6b0d357e240.33620454": {
        "creditos": 4
    },
    "user_67e6b2db42b167.60583666": {
        "creditos": 5
    },
    "user_67eaae93af64c2.77757222": {
        "creditos": 4
    },
    "user_67ee7d78e94529.41799760": {
        "creditos": 0
    },
    "user_67ee92413eb593.87973868": {
        "creditos": 4
    },
    "user_67efce958b10a9.45413164": {
        "creditos": 10
    },
    "user_67f5306166d3a6.53131016": {
        "creditos": 4
    }
}